year,country,accidents,train_km,country_name,year_centered,accidents_per_million_train_km,country_id
2010,AT,79.0,156.1,Austria,-7,0.5060858424087123,1
2011,AT,84.0,152.2,Austria,-6,0.5519053876478318,1
2012,AT,87.0,149.8,Austria,-5,0.5807743658210948,1
2013,AT,73.0,150.7,Austria,-4,0.4844061048440611,1
2014,AT,61.0,152.4,Austria,-3,0.400262467191601,1
2015,AT,77.0,152.7,Austria,-2,0.504256712508186,1
2016,AT,87.0,153.3,Austria,-1,0.5675146771037182,1
2017,AT,60.0,155.7,Austria,0,0.3853564547206166,1
2018,AT,42.0,164.7,Austria,1,0.2550091074681239,1
2019,AT,47.0,160.2,Austria,2,0.2933832709113608,1
2020,AT,33.0,157.2,Austria,3,0.20992366412213742,1
2021,AT,34.0,161.6,Austria,4,0.21039603960396042,1
2022,AT,57.0,182.2,Austria,5,0.31284302963776073,1
2023,AT,54.0,170.9,Austria,6,0.31597425394967815,1
2024,AT,38.0,183.1495635746,Austria,7,0.20748070188287368,1
2010,BE,40.0,98.0,Belgium,-7,0.40816326530612246,2
2011,BE,51.0,100.6,Belgium,-6,0.5069582504970179,2
2012,BE,36.0,99.3,Belgium,-5,0.3625377643504532,2
2013,BE,32.0,97.0,Belgium,-4,0.32989690721649484,2
2014,BE,47.0,96.6,Belgium,-3,0.4865424430641822,2
2015,BE,21.0,96.7,Belgium,-2,0.21716649431230609,2
2016,BE,22.0,97.1,Belgium,-1,0.22657054582904224,2
2017,BE,33.0,100.0,Belgium,0,0.33,2
2018,BE,31.0,101.6,Belgium,1,0.3051181102362205,2
2019,BE,27.0,100.8,Belgium,2,0.26785714285714285,2
2020,BE,30.0,93.8,Belgium,3,0.31982942430703626,2
2021,BE,24.0,99.7,Belgium,4,0.24072216649949849,2
2022,BE,26.0,99.2,Belgium,5,0.2620967741935484,2
2023,BE,26.0,99.6,Belgium,6,0.26104417670682734,2
2024,BE,30.0,101.60000000000001,Belgium,7,0.2952755905511811,2
2010,BG,39.0,30.6,Bulgaria,-7,1.2745098039215685,3
2011,BG,74.0,31.2,Bulgaria,-6,2.371794871794872,3
2012,BG,48.0,27.8,Bulgaria,-5,1.7266187050359711,3
2013,BG,33.0,28.2,Bulgaria,-4,1.1702127659574468,3
2014,BG,58.0,28.8,Bulgaria,-3,2.013888888888889,3
2015,BG,48.0,30.1,Bulgaria,-2,1.5946843853820598,3
2016,BG,40.0,29.4,Bulgaria,-1,1.3605442176870748,3
2017,BG,47.0,30.6,Bulgaria,0,1.5359477124183005,3
2018,BG,42.0,29.8,Bulgaria,1,1.4093959731543624,3
2019,BG,39.0,30.3,Bulgaria,2,1.2871287128712872,3
2020,BG,33.0,30.3,Bulgaria,3,1.0891089108910892,3
2021,BG,37.0,31.4,Bulgaria,4,1.178343949044586,3
2022,BG,32.0,32.7,Bulgaria,5,0.9785932721712537,3
2023,BG,33.0,31.5,Bulgaria,6,1.0476190476190477,3
2024,BG,41.0,31.2,Bulgaria,7,1.314102564102564,3
2010,CH,51.0,178.3,Switzerland,-7,0.28603477285473916,4
2011,CH,44.0,180.3,Switzerland,-6,0.24403771491957846,4
2012,CH,43.0,181.5,Switzerland,-5,0.2369146005509642,4
2013,CH,43.0,185.4,Switzerland,-4,0.23193096008629988,4
2014,CH,55.0,189.3,Switzerland,-3,0.2905441098784997,4
2015,CH,33.0,191.0,Switzerland,-2,0.17277486910994763,4
2016,CH,37.0,194.8,Switzerland,-1,0.1899383983572895,4
2017,CH,47.0,191.5,Switzerland,0,0.2454308093994778,4
2018,CH,38.0,187.2,Switzerland,1,0.202991452991453,4
2019,CH,35.0,189.9,Switzerland,2,0.18430753027909424,4
2020,CH,36.0,183.4,Switzerland,3,0.19629225736095965,4
2021,CH,41.0,192.7,Switzerland,4,0.2127659574468085,4
2022,CH,42.0,195.2,Switzerland,5,0.21516393442622953,4
2023,CH,42.0,196.7,Switzerland,6,0.21352313167259787,4
2024,CH,53.0,197.92435,Switzerland,7,0.26777907821852137,4
2010,CZ,125.0,160.2,Czechia,-7,0.7802746566791511,5
2011,CZ,99.0,160.6,Czechia,-6,0.6164383561643836,5
2012,CZ,97.0,161.4,Czechia,-5,0.6009913258983891,5
2013,CZ,91.0,160.9,Czechia,-4,0.5655686761963953,5
2014,CZ,105.0,160.1,Czechia,-3,0.6558400999375391,5
2015,CZ,94.0,158.2,Czechia,-2,0.5941845764854615,5
2016,CZ,87.0,162.0,Czechia,-1,0.5370370370370371,5
2017,CZ,97.0,169.1,Czechia,0,0.573625073920757,5
2018,CZ,89.0,174.2,Czechia,1,0.5109070034443169,5
2019,CZ,91.0,175.0,Czechia,2,0.52,5
2020,CZ,90.0,169.3,Czechia,3,0.531600708800945,5
2021,CZ,112.0,173.9,Czechia,4,0.6440483036227717,5
2022,CZ,109.0,178.2,Czechia,5,0.611672278338945,5
2023,CZ,94.0,345.5,Czechia,6,0.27206946454413894,5
2024,CZ,72.0,349.947,Czechia,7,0.20574544145256282,5
2010,DE,297.0,1032.0,Germany,-7,0.2877906976744186,6
2011,DE,285.0,1053.3,Germany,-6,0.2705781828538878,6
2012,DE,289.0,1038.1,Germany,-5,0.27839321837973224,6
2013,DE,301.0,1032.1,Germany,-4,0.29163840713109196,6
2014,DE,333.0,1043.2,Germany,-3,0.3192101226993865,6
2015,DE,306.0,1041.6,Germany,-2,0.293778801843318,6
2016,DE,310.0,1066.5,Germany,-1,0.2906704172526957,6
2017,DE,346.0,1073.5,Germany,0,0.3223102002794597,6
2018,DE,302.0,1084.6,Germany,1,0.278443665867601,6
2019,DE,298.0,1088.0,Germany,2,0.27389705882352944,6
2020,DE,294.0,1063.0,Germany,3,0.27657572906867356,6
2021,DE,238.0,1105.9,Germany,4,0.21520933176598245,6
2022,DE,337.0,1146.6,Germany,5,0.2939124367695797,6
2023,DE,312.0,1130.8,Germany,6,0.27591085956844713,6
2024,DE,366.0,1117.0,Germany,7,0.3276633840644584,6
2010,DK,16.0,63.7,Denmark,-7,0.25117739403453687,7
2011,DK,16.0,64.9,Denmark,-6,0.24653312788906007,7
2012,DK,21.0,63.2,Denmark,-5,0.3322784810126582,7
2013,DK,11.0,64.1,Denmark,-4,0.171606864274571,7
2014,DK,15.0,63.3,Denmark,-3,0.23696682464454977,7
2015,DK,13.0,62.8,Denmark,-2,0.2070063694267516,7
2016,DK,13.0,62.8,Denmark,-1,0.2070063694267516,7
2017,DK,12.0,62.0,Denmark,0,0.1935483870967742,7
2018,DK,10.0,59.4,Denmark,1,0.16835016835016836,7
2019,DK,10.0,59.4,Denmark,2,0.16835016835016836,7
2020,DK,10.0,61.1,Denmark,3,0.1636661211129296,7
2021,DK,9.0,62.5,Denmark,4,0.144,7
2022,DK,14.0,61.2,Denmark,5,0.22875816993464052,7
2023,DK,13.0,63.0,Denmark,6,0.20634920634920634,7
2024,DK,14.0,64.3,Denmark,7,0.2177293934681182,7
2010,EE,31.0,8.9,Estonia,-7,3.4831460674157304,8
2011,EE,28.0,7.0,Estonia,-6,4.0,8
2012,EE,20.0,7.0,Estonia,-5,2.857142857142857,8
2013,EE,15.0,6.8,Estonia,-4,2.2058823529411766,8
2014,EE,15.0,7.5,Estonia,-3,2.0,8
2015,EE,12.0,7.0,Estonia,-2,1.7142857142857142,8
2016,EE,15.0,6.7,Estonia,-1,2.2388059701492535,8
2017,EE,19.0,6.5,Estonia,0,2.923076923076923,8
2018,EE,21.0,7.2,Estonia,1,2.9166666666666665,8
2019,EE,5.0,7.3,Estonia,2,0.684931506849315,8
2020,EE,5.0,6.6,Estonia,3,0.7575757575757576,8
2021,EE,10.0,7.3,Estonia,4,1.36986301369863,8
2022,EE,14.0,6.8,Estonia,5,2.058823529411765,8
2023,EE,18.0,6.7,Estonia,6,2.6865671641791042,8
2024,EE,11.0,6.7,Estonia,7,1.6417910447761193,8
2010,EL,39.0,17.0,Greece,-7,2.2941176470588234,9
2011,EL,24.0,12.5,Greece,-6,1.92,9
2012,EL,18.0,11.7,Greece,-5,1.5384615384615385,9
2013,EL,14.0,11.2,Greece,-4,1.25,9
2014,EL,23.0,11.5,Greece,-3,2.0,9
2015,EL,25.0,10.8,Greece,-2,2.314814814814815,9
2016,EL,13.0,10.4,Greece,-1,1.25,9
2017,EL,22.0,10.9,Greece,0,2.018348623853211,9
2018,EL,24.0,11.0,Greece,1,2.1818181818181817,9
2019,EL,18.0,11.1,Greece,2,1.6216216216216217,9
2020,EL,9.0,9.1,Greece,3,0.989010989010989,9
2021,EL,14.0,8.9,Greece,4,1.5730337078651684,9
2022,EL,19.0,10.8,Greece,5,1.759259259259259,9
2023,EL,7.0,7.1,Greece,6,0.9859154929577465,9
2024,EL,9.0,8.252,Greece,7,1.0906446921958313,9
2010,ES,45.0,186.7,Spain,-7,0.24102838778789504,10
2011,ES,42.0,191.4,Spain,-6,0.219435736677116,10
2012,ES,51.0,188.7,Spain,-5,0.2702702702702703,10
2013,ES,52.0,198.6,Spain,-4,0.2618328298086606,10
2014,ES,51.0,204.2,Spain,-3,0.2497551420176298,10
2015,ES,42.0,200.8,Spain,-2,0.2091633466135458,10
2016,ES,45.0,198.6,Spain,-1,0.22658610271903323,10
2017,ES,52.0,199.4,Spain,0,0.26078234704112335,10
2018,ES,47.0,199.9,Spain,1,0.2351175587793897,10
2019,ES,49.0,200.5,Spain,2,0.24438902743142144,10
2020,ES,51.0,150.5,Spain,3,0.3388704318936877,10
2021,ES,52.0,163.9,Spain,4,0.3172666259914582,10
2022,ES,59.0,184.6,Spain,5,0.3196099674972914,10
2023,ES,77.0,203.4,Spain,6,0.37856440511307765,10
2024,ES,57.0,207.63500000000002,Spain,7,0.2745201916825198,10
2010,FI,23.0,51.0,Finland,-7,0.45098039215686275,11
2011,FI,14.0,51.1,Finland,-6,0.273972602739726,11
2012,FI,21.0,50.9,Finland,-5,0.412573673870334,11
2013,FI,12.0,50.5,Finland,-4,0.2376237623762376,11
2014,FI,15.0,49.7,Finland,-3,0.30181086519114686,11
2015,FI,13.0,48.6,Finland,-2,0.2674897119341564,11
2016,FI,18.0,46.8,Finland,-1,0.38461538461538464,11
2017,FI,17.0,48.1,Finland,0,0.3534303534303534,11
2018,FI,15.0,50.4,Finland,1,0.2976190476190476,11
2019,FI,14.0,51.5,Finland,2,0.27184466019417475,11
2020,FI,12.0,46.8,Finland,3,0.25641025641025644,11
2021,FI,25.0,47.2,Finland,4,0.5296610169491525,11
2022,FI,17.0,48.8,Finland,5,0.3483606557377049,11
2023,FI,21.0,47.4,Finland,6,0.44303797468354433,11
2024,FI,11.0,48.599999999999994,Finland,7,0.2263374485596708,11
2010,FR,155.0,484.8,France,-7,0.3197194719471947,12
2011,FR,154.0,501.5,France,-6,0.3070787637088734,12
2012,FR,136.0,511.9,France,-5,0.26567689001758155,12
2013,FR,146.0,498.0,France,-4,0.2931726907630522,12
2014,FR,177.0,489.9,France,-3,0.36129822412737295,12
2015,FR,150.0,494.0,France,-2,0.30364372469635625,12
2016,FR,146.0,470.0,France,-1,0.31063829787234043,12
2017,FR,151.0,486.0,France,0,0.31069958847736623,12
2018,FR,119.0,443.0,France,1,0.2686230248306998,12
2019,FR,123.0,449.0,France,2,0.2739420935412027,12
2020,FR,104.0,354.0,France,3,0.2937853107344633,12
2021,FR,138.0,433.5,France,4,0.31833910034602075,12
2022,FR,134.0,470.6,France,5,0.2847428814279643,12
2023,FR,146.0,448.4,France,6,0.3256021409455843,12
2024,FR,140.0,480.217,France,7,0.2915348686114819,12
2010,HR,45.0,24.1,Croatia,-7,1.867219917012448,13
2011,HR,39.0,25.6,Croatia,-6,1.5234375,13
2012,HR,42.0,25.7,Croatia,-5,1.6342412451361867,13
2013,HR,33.0,22.5,Croatia,-4,1.4666666666666666,13
2014,HR,33.0,20.9,Croatia,-3,1.5789473684210527,13
2015,HR,27.0,20.9,Croatia,-2,1.291866028708134,13
2016,HR,23.0,20.8,Croatia,-1,1.1057692307692308,13
2017,HR,33.0,21.6,Croatia,0,1.5277777777777777,13
2018,HR,25.0,24.4,Croatia,1,1.0245901639344264,13
2019,HR,28.0,21.8,Croatia,2,1.2844036697247705,13
2020,HR,22.0,20.3,Croatia,3,1.083743842364532,13
2021,HR,22.0,20.9,Croatia,4,1.0526315789473686,13
2022,HR,24.0,21.0,Croatia,5,1.1428571428571428,13
2023,HR,18.0,20.4,Croatia,6,0.8823529411764707,13
2024,HR,17.0,20.099999999999998,Croatia,7,0.845771144278607,13
2010,HU,142.0,102.5,Hungary,-7,1.3853658536585365,14
2011,HU,147.0,109.8,Hungary,-6,1.3387978142076502,14
2012,HU,152.0,104.0,Hungary,-5,1.4615384615384615,14
2013,HU,186.0,104.0,Hungary,-4,1.7884615384615385,14
2014,HU,190.0,107.4,Hungary,-3,1.7690875232774672,14
2015,HU,156.0,108.7,Hungary,-2,1.4351425942962281,14
2016,HU,162.0,107.3,Hungary,-1,1.5097856477166822,14
2017,HU,160.0,108.4,Hungary,0,1.4760147601476015,14
2018,HU,162.0,108.3,Hungary,1,1.4958448753462603,14
2019,HU,142.0,107.7,Hungary,2,1.318477251624884,14
2020,HU,98.0,107.6,Hungary,3,0.9107806691449815,14
2021,HU,102.0,107.6,Hungary,4,0.9479553903345725,14
2022,HU,97.0,108.0,Hungary,5,0.8981481481481481,14
2023,HU,70.0,118.6,Hungary,6,0.5902192242833053,14
2024,HU,88.0,123.768,Hungary,7,0.7110076918104842,14
2010,IE,4.0,17.7,Ireland,-7,0.22598870056497175,15
2011,IE,2.0,18.1,Ireland,-6,0.11049723756906077,15
2012,IE,0.0,18.4,Ireland,-5,0.0,15
2013,IE,3.0,18.3,Ireland,-4,0.16393442622950818,15
2014,IE,3.0,18.3,Ireland,-3,0.16393442622950818,15
2015,IE,1.0,18.1,Ireland,-2,0.055248618784530384,15
2016,IE,0.0,18.2,Ireland,-1,0.0,15
2017,IE,4.0,18.7,Ireland,0,0.21390374331550802,15
2018,IE,6.0,18.2,Ireland,1,0.32967032967032966,15
2019,IE,2.0,19.1,Ireland,2,0.10471204188481674,15
2020,IE,0.0,15.6,Ireland,3,0.0,15
2021,IE,1.0,17.8,Ireland,4,0.056179775280898875,15
2022,IE,1.0,18.2,Ireland,5,0.054945054945054944,15
2023,IE,5.0,18.8,Ireland,6,0.26595744680851063,15
2024,IE,1.0,19.4,Ireland,7,0.051546391752577324,15
2010,IT,100.0,324.0,Italy,-7,0.30864197530864196,16
2011,IT,106.0,317.4,Italy,-6,0.33396345305608066,16
2012,IT,106.0,316.5,Italy,-5,0.334913112164297,16
2013,IT,98.0,331.6,Italy,-4,0.2955367913148371,16
2014,IT,109.0,330.6,Italy,-3,0.32970356926799754,16
2015,IT,97.0,340.5,Italy,-2,0.28487518355359764,16
2016,IT,99.0,373.5,Italy,-1,0.26506024096385544,16
2017,IT,104.0,374.6,Italy,0,0.2776294714361986,16
2018,IT,109.0,386.8,Italy,1,0.28179937952430195,16
2019,IT,75.0,387.4,Italy,2,0.19359834796076408,16
2020,IT,89.0,315.1,Italy,3,0.2824500158679784,16
2021,IT,90.0,364.6,Italy,4,0.24684585847504112,16
2022,IT,109.0,389.8,Italy,5,0.27963057978450484,16
2023,IT,113.0,394.4,Italy,6,0.2865111561866126,16
2024,IT,103.0,396.40000000000003,Italy,7,0.2598385469223007,16
2010,LT,44.0,14.1,Lithuania,-7,3.120567375886525,17
2011,LT,33.0,15.3,Lithuania,-6,2.156862745098039,17
2012,LT,26.0,14.7,Lithuania,-5,1.7687074829931975,17
2013,LT,24.0,14.1,Lithuania,-4,1.702127659574468,17
2014,LT,16.0,14.3,Lithuania,-3,1.1188811188811187,17
2015,LT,13.0,14.1,Lithuania,-2,0.9219858156028369,17
2016,LT,20.0,14.5,Lithuania,-1,1.3793103448275863,17
2017,LT,27.0,15.3,Lithuania,0,1.7647058823529411,17
2018,LT,15.0,15.4,Lithuania,1,0.974025974025974,17
2019,LT,9.0,16.9,Lithuania,2,0.5325443786982249,17
2020,LT,9.0,15.5,Lithuania,3,0.5806451612903226,17
2021,LT,11.0,14.8,Lithuania,4,0.7432432432432432,17
2022,LT,7.0,11.9,Lithuania,5,0.5882352941176471,17
2023,LT,11.0,11.3,Lithuania,6,0.9734513274336283,17
2024,LT,11.0,10.492,Lithuania,7,1.0484178421654593,17
2010,LU,3.0,8.2,Luxembourg,-7,0.3658536585365854,18
2011,LU,1.0,8.9,Luxembourg,-6,0.11235955056179775,18
2012,LU,0.0,8.8,Luxembourg,-5,0.0,18
2013,LU,3.0,9.0,Luxembourg,-4,0.3333333333333333,18
2014,LU,0.0,9.0,Luxembourg,-3,0.0,18
2015,LU,0.0,9.2,Luxembourg,-2,0.0,18
2016,LU,2.0,8.7,Luxembourg,-1,0.2298850574712644,18
2017,LU,1.0,8.9,Luxembourg,0,0.11235955056179775,18
2018,LU,2.0,8.7,Luxembourg,1,0.2298850574712644,18
2019,LU,0.0,8.6,Luxembourg,2,0.0,18
2020,LU,1.0,7.8,Luxembourg,3,0.12820512820512822,18
2021,LU,4.0,8.2,Luxembourg,4,0.48780487804878053,18
2022,LU,6.0,8.0,Luxembourg,5,0.75,18
2023,LU,3.0,8.1,Luxembourg,6,0.3703703703703704,18
2024,LU,2.0,8.665000000000001,Luxembourg,7,0.23081361800346217,18
2010,LV,41.0,16.6,Latvia,-7,2.469879518072289,19
2011,LV,35.0,18.5,Latvia,-6,1.8918918918918919,19
2012,LV,25.0,18.9,Latvia,-5,1.3227513227513228,19
2013,LV,26.0,17.6,Latvia,-4,1.477272727272727,19
2014,LV,22.0,19.0,Latvia,-3,1.1578947368421053,19
2015,LV,25.0,18.6,Latvia,-2,1.3440860215053763,19
2016,LV,18.0,16.5,Latvia,-1,1.0909090909090908,19
2017,LV,24.0,15.7,Latvia,0,1.5286624203821657,19
2018,LV,20.0,16.9,Latvia,1,1.183431952662722,19
2019,LV,19.0,15.3,Latvia,2,1.2418300653594772,19
2020,LV,9.0,11.6,Latvia,3,0.7758620689655172,19
2021,LV,11.0,11.1,Latvia,4,0.990990990990991,19
2022,LV,16.0,11.2,Latvia,5,1.4285714285714286,19
2023,LV,7.0,10.2,Latvia,6,0.6862745098039216,19
2024,LV,14.0,10.57,Latvia,7,1.324503311258278,19
2010,NL,24.0,146.2,Netherlands,-7,0.16415868673050618,20
2011,NL,29.0,149.1,Netherlands,-6,0.19450033534540578,20
2012,NL,30.0,149.8,Netherlands,-5,0.20026702269692923,20
2013,NL,36.0,151.0,Netherlands,-4,0.23841059602649006,20
2014,NL,20.0,155.5,Netherlands,-3,0.12861736334405144,20
2015,NL,31.0,155.8,Netherlands,-2,0.19897304236200256,20
2016,NL,28.0,157.5,Netherlands,-1,0.17777777777777778,20
2017,NL,26.0,158.9,Netherlands,0,0.16362492133417242,20
2018,NL,29.0,162.8,Netherlands,1,0.1781326781326781,20
2019,NL,25.0,164.5,Netherlands,2,0.1519756838905775,20
2020,NL,20.0,151.7,Netherlands,3,0.13183915622940015,20
2021,NL,22.0,159.9,Netherlands,4,0.13758599124452783,20
2022,NL,21.0,157.4,Netherlands,5,0.13341804320203304,20
2023,NL,20.0,152.0,Netherlands,6,0.13157894736842105,20
2024,NL,22.0,157.70000000000002,Netherlands,7,0.13950538998097653,20
2010,NO,20.0,46.5,Norway,-7,0.43010752688172044,21
2011,NO,36.0,45.9,Norway,-6,0.7843137254901961,21
2012,NO,19.0,46.8,Norway,-5,0.405982905982906,21
2013,NO,30.0,48.5,Norway,-4,0.6185567010309279,21
2014,NO,28.0,49.4,Norway,-3,0.5668016194331984,21
2015,NO,19.0,51.7,Norway,-2,0.36750483558994196,21
2016,NO,16.0,50.4,Norway,-1,0.31746031746031744,21
2017,NO,16.0,51.6,Norway,0,0.31007751937984496,21
2018,NO,25.0,51.9,Norway,1,0.4816955684007707,21
2019,NO,26.0,50.8,Norway,2,0.5118110236220472,21
2020,NO,20.0,55.9,Norway,3,0.35778175313059035,21
2021,NO,24.0,48.0,Norway,4,0.5,21
2022,NO,23.0,50.6,Norway,5,0.45454545454545453,21
2023,NO,33.0,50.1,Norway,6,0.6586826347305389,21
2024,NO,28.0,52.445,Norway,7,0.5338926494422729,21
2010,PL,449.0,219.1,Poland,-7,2.0492925604746692,22
2011,PL,488.0,227.3,Poland,-6,2.14694236691597,22
2012,PL,379.0,224.0,Poland,-5,1.6919642857142858,22
2013,PL,328.0,217.0,Poland,-4,1.5115207373271888,22
2014,PL,313.0,213.4,Poland,-3,1.4667291471415183,22
2015,PL,307.0,225.0,Poland,-2,1.3644444444444443,22
2016,PL,265.0,234.3,Poland,-1,1.131028595817328,22
2017,PL,252.0,243.6,Poland,0,1.0344827586206897,22
2018,PL,275.0,257.7,Poland,1,1.0671323244082267,22
2019,PL,214.0,253.9,Poland,2,0.8428515163450178,22
2020,PL,179.0,238.9,Poland,3,0.749267475931352,22
2021,PL,209.0,262.2,Poland,4,0.7971014492753623,22
2022,PL,225.0,275.4,Poland,5,0.8169934640522877,22
2023,PL,233.0,276.5,Poland,6,0.8426763110307414,22
2024,PL,220.0,288.38100000000003,Poland,7,0.7628796626684836,22
2010,PT,42.0,40.0,Portugal,-7,1.05,23
2011,PT,27.0,37.2,Portugal,-6,0.7258064516129031,23
2012,PT,36.0,37.5,Portugal,-5,0.96,23
2013,PT,48.0,36.3,Portugal,-4,1.322314049586777,23
2014,PT,50.0,36.5,Portugal,-3,1.36986301369863,23
2015,PT,23.0,38.2,Portugal,-2,0.6020942408376962,23
2016,PT,38.0,37.1,Portugal,-1,1.0242587601078166,23
2017,PT,29.0,38.2,Portugal,0,0.7591623036649214,23
2018,PT,37.0,36.4,Portugal,1,1.0164835164835164,23
2019,PT,51.0,36.6,Portugal,2,1.3934426229508197,23
2020,PT,43.0,33.0,Portugal,3,1.303030303030303,23
2021,PT,33.0,35.7,Portugal,4,0.9243697478991596,23
2022,PT,34.0,35.6,Portugal,5,0.9550561797752809,23
2023,PT,34.0,33.6,Portugal,6,1.0119047619047619,23
2024,PT,30.0,35.001,Portugal,7,0.8571183680466273,23
2010,RO,271.0,93.5,Romania,-7,2.8983957219251337,24
2011,RO,217.0,104.2,Romania,-6,2.0825335892514394,24
2012,RO,215.0,108.5,Romania,-5,1.9815668202764978,24
2013,RO,180.0,93.3,Romania,-4,1.9292604501607717,24
2014,RO,185.0,90.5,Romania,-3,2.044198895027624,24
2015,RO,141.0,83.1,Romania,-2,1.696750902527076,24
2016,RO,184.0,85.4,Romania,-1,2.154566744730679,24
2017,RO,146.0,89.2,Romania,0,1.6367713004484303,24
2018,RO,132.0,86.1,Romania,1,1.5331010452961673,24
2019,RO,115.0,79.3,Romania,2,1.450189155107188,24
2020,RO,107.0,72.5,Romania,3,1.4758620689655173,24
2021,RO,102.0,77.4,Romania,4,1.317829457364341,24
2022,RO,115.0,81.0,Romania,5,1.4197530864197532,24
2023,RO,119.0,82.7,Romania,6,1.4389359129383312,24
2024,RO,90.0,81.907,Romania,7,1.098807183757188,24
2010,SE,69.0,141.3,Sweden,-7,0.4883227176220806,25
2011,SE,54.0,140.3,Sweden,-6,0.3848895224518888,25
2012,SE,47.0,140.4,Sweden,-5,0.33475783475783477,25
2013,SE,43.0,145.6,Sweden,-4,0.29532967032967034,25
2014,SE,53.0,148.4,Sweden,-3,0.35714285714285715,25
2015,SE,40.0,148.5,Sweden,-2,0.26936026936026936,25
2016,SE,36.0,152.7,Sweden,-1,0.2357563850687623,25
2017,SE,40.0,160.4,Sweden,0,0.24937655860349126,25
2018,SE,35.0,160.1,Sweden,1,0.21861336664584635,25
2019,SE,45.0,162.7,Sweden,2,0.2765826674861709,25
2020,SE,31.0,147.8,Sweden,3,0.20974289580514208,25
2021,SE,29.0,155.4,Sweden,4,0.1866151866151866,25
2022,SE,31.0,165.8,Sweden,5,0.18697225572979492,25
2023,SE,49.0,159.9,Sweden,6,0.30644152595372104,25
2024,SE,55.0,164.82628595395698,Sweden,7,0.33368464066079756,25
2010,SI,21.0,18.8,Slovenia,-7,1.1170212765957446,26
2011,SI,11.0,20.3,Slovenia,-6,0.541871921182266,26
2012,SI,14.0,19.9,Slovenia,-5,0.7035175879396985,26
2013,SI,13.0,20.1,Slovenia,-4,0.6467661691542288,26
2014,SI,15.0,20.5,Slovenia,-3,0.7317073170731707,26
2015,SI,14.0,21.5,Slovenia,-2,0.6511627906976745,26
2016,SI,11.0,21.3,Slovenia,-1,0.5164319248826291,26
2017,SI,11.0,22.0,Slovenia,0,0.5,26
2018,SI,14.0,20.0,Slovenia,1,0.7,26
2019,SI,10.0,20.1,Slovenia,2,0.49751243781094523,26
2020,SI,5.0,16.9,Slovenia,3,0.2958579881656805,26
2021,SI,10.0,19.8,Slovenia,4,0.5050505050505051,26
2022,SI,10.0,21.3,Slovenia,5,0.4694835680751174,26
2023,SI,17.0,21.2,Slovenia,6,0.8018867924528302,26
2024,SI,4.0,22.22,Slovenia,7,0.18001800180018002,26
2010,SK,85.0,47.5,Slovakia,-7,1.7894736842105263,27
2011,SK,84.0,45.4,Slovakia,-6,1.8502202643171808,27
2012,SK,96.0,46.3,Slovakia,-5,2.0734341252699786,27
2013,SK,94.0,46.8,Slovakia,-4,2.0085470085470085,27
2014,SK,113.0,47.0,Slovakia,-3,2.404255319148936,27
2015,SK,87.0,50.4,Slovakia,-2,1.7261904761904763,27
2016,SK,60.0,50.8,Slovakia,-1,1.1811023622047245,27
2017,SK,65.0,51.6,Slovakia,0,1.2596899224806202,27
2018,SK,63.0,52.8,Slovakia,1,1.1931818181818183,27
2019,SK,62.0,53.3,Slovakia,2,1.1632270168855536,27
2020,SK,52.0,49.1,Slovakia,3,1.0590631364562118,27
2021,SK,56.0,50.9,Slovakia,4,1.100196463654224,27
2022,SK,52.0,52.8,Slovakia,5,0.9848484848484849,27
2023,SK,65.0,54.0,Slovakia,6,1.2037037037037037,27
2024,SK,61.0,53.55800000000001,Slovakia,7,1.1389521640091114,27
